2025-09-30_13-51-03,None,draft.py:2025-09-30_13-51-03
2025-09-30_14-08-57,None,draft.py:2025-09-30_14-08-57
2025-09-30_14-09-22,None,draft.py:2025-09-30_14-09-22
2025-09-30_14-09-51,None,draft.py:2025-09-30_14-09-51
2025-09-30_14-10-17,None,draft.py:2025-09-30_14-10-17
2025-09-30_14-11-45,None,draft.py:2025-09-30_14-11-45
2025-09-30_14-11-51,None,draft.py:2025-09-30_14-11-51
2025-09-30_14-18-53,None,draft.py:2025-09-30_14-18-53
2025-09-30_14-23-09,None,draft.py:2025-09-30_14-23-09
2025-09-30_14-23-56,None,draft.py:2025-09-30_14-23-56
2025-09-30_14-24-19,None,draft.py:2025-09-30_14-24-19
2025-09-30_14-28-44,None,draft.py:2025-09-30_14-28-44
